Node	Self_interaction_mag_log
Bca	-7.95448310431215
Bce	-8.49550795676448
Bov	-7.960239358977927
Bth	-8.06640044806226
Bun	-7.729770472580828
Bvu	-8.382326111845154
Cae	-6.6253441078268684
Csc	-7.145695880631542
Csp	-5.9657097547787705
Pdi	-7.680980582579016
Rob	-7.511928392856524
